id,user_id,package_id,status,vnp_txn_ref,vnp_transaction_no,paypal_order_id,paypal_transaction_id,created_at,updated_at,stripe_payment_intent,stripe_transaction_id,price_paid
1,1,6,pending,,,,,2025-11-01 14:07:44.36684+00,,pi_3SOfT4QwmqNZFaXm11NM5TZ0,,
2,1,7,pending,,,,,2025-11-01 14:25:31.928583+00,,pi_3SOfkGQwmqNZFaXm1q7AG92K,,
3,1,7,pending,,,,,2025-11-01 14:26:04.951087+00,,pi_3SOfknQwmqNZFaXm1C4yFngg,,
4,1,7,pending,,,,,2025-11-01 14:26:34.635874+00,,pi_3SOflGQwmqNZFaXm0IqdCzR1,,
5,1,7,pending,,,,,2025-11-01 14:27:00.750552+00,,pi_3SOflhQwmqNZFaXm1UZjpKA7,,
6,1,6,pending,,,,,2025-11-01 14:37:34.473635+00,,pi_3SOfvwQwmqNZFaXm0NMMLhZW,,
7,1,6,pending,,,,,2025-11-01 14:37:50.896926+00,,pi_3SOfwBQwmqNZFaXm03jcZOpb,,
8,1,6,pending,,,,,2025-11-01 14:39:07.053327+00,,pi_3SOfxPQwmqNZFaXm1cuNwLAA,,
9,1,6,pending,,,,,2025-11-01 14:47:21.913066+00,,pi_3SOg5PQwmqNZFaXm0OahixN0,,
10,1,6,pending,,,,,2025-11-01 14:47:29.127213+00,,pi_3SOg5VQwmqNZFaXm0jYWn7Wq,,
11,1,6,pending,,,,,2025-11-01 14:50:54.990444+00,,pi_3SOg8qQwmqNZFaXm02f7YpxV,,
12,1,6,pending,,,,,2025-11-01 14:56:38.025346+00,,pi_3SOgEMQwmqNZFaXm1Ga0uifG,,
13,1,6,pending,,,,,2025-11-01 15:09:14.136745+00,,pi_3SOgQZQwmqNZFaXm0vuSAkbg,,
14,1,6,pending,,,,,2025-11-01 15:10:56.383729+00,,pi_3SOgSDQwmqNZFaXm1HAxFfrJ,,
15,1,7,pending,,,,,2025-11-01 15:21:51.771534+00,,pi_3SOgcmQwmqNZFaXm0tJ3dyX0,,
16,1,7,pending,,,,,2025-11-01 15:21:57.738641+00,,pi_3SOgcsQwmqNZFaXm17yBAXiv,,
17,1,4,pending,,,,,2025-11-01 15:24:29.928383+00,,pi_3SOgfLQwmqNZFaXm0tZ7AdYq,,
18,1,7,success,,,,,2025-11-01 15:31:51.517186+00,2025-11-01 15:31:55.412952+00,pi_3SOgmTQwmqNZFaXm0CVkGKOK,pi_3SOgmTQwmqNZFaXm0CVkGKOK,
19,1,7,pending,,,,,2025-11-01 15:34:28.792942+00,,pi_3SOgp0QwmqNZFaXm1yGSBmOz,,
20,1,7,pending,,,,,2025-11-01 15:38:05.453486+00,,pi_3SOgsUQwmqNZFaXm14aCOI6J,,
21,1,7,success,,,,,2025-11-01 15:38:15.006824+00,2025-11-01 15:38:18.441699+00,pi_3SOgsdQwmqNZFaXm04X72EAV,pi_3SOgsdQwmqNZFaXm04X72EAV,
22,1,7,success,,,,,2025-11-01 15:39:49.910345+00,2025-11-01 15:39:52.682529+00,pi_3SOguAQwmqNZFaXm1cgb5vJx,pi_3SOguAQwmqNZFaXm1cgb5vJx,
23,1,9,success,,,,,2025-11-02 08:44:14.676203+00,2025-11-02 08:44:17.870235+00,pi_3SOwtXQwmqNZFaXm0elJvJLv,pi_3SOwtXQwmqNZFaXm0elJvJLv,
24,1,3,success,,,,,2025-11-02 08:44:47.883342+00,2025-10-02 08:44:50.422001+00,pi_3SOwu4QwmqNZFaXm1Iw46axd,pi_3SOwu4QwmqNZFaXm1Iw46axd,
25,1,5,success,,,,,2025-11-02 08:45:25.3822+00,2025-10-02 08:45:27.920476+00,pi_3SOwugQwmqNZFaXm0swvod88,pi_3SOwugQwmqNZFaXm0swvod88,
26,1,16,success,,,,,2025-11-02 09:23:47.475145+00,2025-09-02 09:23:50.060287+00,pi_3SOxVoQwmqNZFaXm1DkOSMqS,pi_3SOxVoQwmqNZFaXm1DkOSMqS,
27,1,16,success,,,,,2025-11-02 09:24:14.72307+00,2025-09-02 09:24:17.22996+00,pi_3SOxWFQwmqNZFaXm1QQ18rEn,pi_3SOxWFQwmqNZFaXm1QQ18rEn,
28,1,15,success,,,,,2025-11-02 09:24:41.00132+00,2025-11-02 09:24:43.050688+00,pi_3SOxWfQwmqNZFaXm1JwAKxFh,pi_3SOxWfQwmqNZFaXm1JwAKxFh,
29,1,8,success,,,,,2025-11-02 09:25:04.460637+00,2025-11-02 09:25:06.674313+00,pi_3SOxX2QwmqNZFaXm1DTlxdHH,pi_3SOxX2QwmqNZFaXm1DTlxdHH,
30,1,12,success,,,,,2025-11-03 06:12:48.087182+00,2025-10-03 06:12:52.397645+00,pi_3SPH0XQwmqNZFaXm0FTIuJyZ,pi_3SPH0XQwmqNZFaXm0FTIuJyZ,
31,1,6,success,,,,,2025-11-03 06:14:30.731978+00,2025-10-03 06:14:35.03112+00,pi_3SPH2BQwmqNZFaXm0ciyspSE,pi_3SPH2BQwmqNZFaXm0ciyspSE,
32,1,8,pending,,,,,2025-11-03 07:02:55.616297+00,,pi_3SPHn2QwmqNZFaXm1TGZ8VnX,,
33,1,8,pending,,,,,2025-11-03 07:03:33.28567+00,,pi_3SPHndQwmqNZFaXm1uDS91jc,,
34,1,8,success,,,,,2025-11-03 07:03:56.819989+00,2025-11-03 07:03:59.577505+00,pi_3SPHo1QwmqNZFaXm0zYIMjDx,pi_3SPHo1QwmqNZFaXm0zYIMjDx,
35,1,15,success,,,,,2025-11-03 13:14:52.088083+00,2025-11-03 13:14:56.425958+00,pi_3SPNb0QwmqNZFaXm1gMvkDFK,pi_3SPNb0QwmqNZFaXm1gMvkDFK,
36,1,8,success,,,,,2025-11-03 13:25:15.800872+00,2025-08-03 13:25:20.192633+00,pi_3SPNl3QwmqNZFaXm0u8Xqtlc,pi_3SPNl3QwmqNZFaXm0u8Xqtlc,
37,1,15,success,,,,,2025-11-03 13:51:54.705073+00,2025-11-03 13:51:58.023438+00,pi_3SPOApQwmqNZFaXm1A8uF1Q0,pi_3SPOApQwmqNZFaXm1A8uF1Q0,
38,2,8,success,,,,,2025-11-22 15:31:34.535832+00,2025-11-22 15:31:39.620738+00,pi_3SWImjQwmqNZFaXm1dEHhlAH,pi_3SWImjQwmqNZFaXm1dEHhlAH,
39,5,8,success,,,,,2025-11-22 15:44:10.903036+00,2025-09-22 15:44:13.96214+00,pi_3SWIytQwmqNZFaXm1P8CRPHD,pi_3SWIytQwmqNZFaXm1P8CRPHD,
40,5,4,success,,,,,2025-11-22 15:49:02.031958+00,2025-11-22 15:49:05.370129+00,pi_3SWJ3aQwmqNZFaXm1A1dcAuu,pi_3SWJ3aQwmqNZFaXm1A1dcAuu,
41,5,7,success,,,,,2025-11-22 15:56:34.132066+00,2025-11-22 15:56:38.210718+00,pi_3SWJAtQwmqNZFaXm0dvHUAUw,pi_3SWJAtQwmqNZFaXm0dvHUAUw,
42,5,8,success,,,,,2025-11-22 16:00:41.274976+00,2025-11-22 16:00:44.82813+00,pi_3SWJEsQwmqNZFaXm1uIVwhkO,pi_3SWJEsQwmqNZFaXm1uIVwhkO,
43,5,8,success,,,,,2025-11-22 16:03:25.636749+00,2025-11-22 16:03:28.894249+00,pi_3SWJHWQwmqNZFaXm0HCvC8qO,pi_3SWJHWQwmqNZFaXm0HCvC8qO,
44,5,8,success,,,,,2025-11-22 16:11:20.012494+00,2025-11-22 16:11:23.375526+00,pi_3SWJPAQwmqNZFaXm1prykFCV,pi_3SWJPAQwmqNZFaXm1prykFCV,
45,5,8,success,,,,,2025-11-22 16:13:21.233547+00,2025-11-22 16:13:25.523103+00,pi_3SWJR9QwmqNZFaXm0iX3ES72,pi_3SWJR9QwmqNZFaXm0iX3ES72,
46,3,15,success,,,,,2025-11-22 16:24:59.25463+00,2025-11-22 16:25:03.275599+00,pi_3SWJcOQwmqNZFaXm1YAJJ7ZF,pi_3SWJcOQwmqNZFaXm1YAJJ7ZF,
47,5,16,success,,,,,2025-11-25 13:26:25.319876+00,2025-11-25 13:26:30.048278+00,pi_3SXMGFQwmqNZFaXm0lwf9NG2,pi_3SXMGFQwmqNZFaXm0lwf9NG2,
48,3,8,success,,,,,2025-11-27 08:29:02.239645+00,2025-11-27 08:29:06.395756+00,pi_3SY0ZYQwmqNZFaXm1F7Y5yWw,pi_3SY0ZYQwmqNZFaXm1F7Y5yWw,
49,5,12,success,,,,,2025-12-08 01:43:25.004272+00,2025-12-08 01:43:29.780024+00,pi_3SbtU3QwmqNZFaXm0mXq9iLo,pi_3SbtU3QwmqNZFaXm0mXq9iLo,
50,4,16,success,,,,,2025-12-08 14:08:28.367754+00,2025-12-08 14:08:33.494792+00,pi_3Sc574QwmqNZFaXm1uYnCaVo,pi_3Sc574QwmqNZFaXm1uYnCaVo,
51,4,12,success,,,,,2025-12-08 14:09:37.93508+00,2025-12-08 14:09:41.5232+00,pi_3Sc58AQwmqNZFaXm1t9VhlzR,pi_3Sc58AQwmqNZFaXm1t9VhlzR,
52,3,12,success,,,,,2025-12-15 09:04:40.948388+00,2025-12-15 09:04:45.060285+00,pi_3SeXhuQwmqNZFaXm02q3irB4,pi_3SeXhuQwmqNZFaXm02q3irB4,
53,3,12,success,,,,,2025-12-15 09:11:09.307073+00,2025-12-15 09:11:13.011949+00,pi_3SeXoAQwmqNZFaXm1PsZEgTy,pi_3SeXoAQwmqNZFaXm1PsZEgTy,
54,3,12,success,,,,,2025-12-15 09:14:29.179852+00,2025-12-15 09:14:32.838747+00,pi_3SeXrOQwmqNZFaXm1tHDDFwB,pi_3SeXrOQwmqNZFaXm1tHDDFwB,
55,4,12,pending,,,,,2025-12-16 13:29:29.383896+00,,pi_3SeyJkQwmqNZFaXm1mYlCC9r,,
56,4,12,success,,,,,2025-12-16 13:30:01.460692+00,2025-12-16 13:30:04.225033+00,pi_3SeyKDQwmqNZFaXm1HC77NSz,pi_3SeyKDQwmqNZFaXm1HC77NSz,
57,4,12,success,,,,,2025-12-16 13:58:29.944939+00,2025-12-16 13:58:33.280097+00,pi_3SeylnQwmqNZFaXm1GaFlwjX,pi_3SeylnQwmqNZFaXm1GaFlwjX,
58,3,12,success,,,,,2025-12-16 14:21:18.953557+00,2025-12-16 14:21:23.158429+00,pi_3Sez7sQwmqNZFaXm0hVRBRAB,pi_3Sez7sQwmqNZFaXm0hVRBRAB,622300
59,3,12,success,,,,,2025-12-16 14:23:27.038958+00,2025-12-16 14:23:31.212277+00,pi_3Sez9wQwmqNZFaXm0b8RfSBe,pi_3Sez9wQwmqNZFaXm0b8RfSBe,622300
60,3,12,success,,,,,2025-12-16 14:44:33.87422+00,2025-12-16 14:44:38.456955+00,pi_3SezUNQwmqNZFaXm01POGKAA,pi_3SezUNQwmqNZFaXm01POGKAA,622300
61,3,10,success,,,,,2025-12-16 15:01:39.066708+00,2025-12-16 15:01:43.367214+00,pi_3SezkvQwmqNZFaXm1X3T3RvU,pi_3SezkvQwmqNZFaXm1X3T3RvU,419300
62,5,3,success,,,,,2025-12-16 15:12:26.790486+00,2025-12-16 15:12:31.358279+00,pi_3SezvMQwmqNZFaXm1vBAGyx7,pi_3SezvMQwmqNZFaXm1vBAGyx7,249000
63,2,3,pending,,,,,2025-12-31 01:39:03.49148+00,,pi_3SkENRQwmqNZFaXm07YSxt74,,174300
64,4,3,pending,,,,,2025-12-31 01:49:38.673147+00,,pi_3SkEXfQwmqNZFaXm1gM89LX1,,174300
65,1,3,pending,,,,,2026-01-02 02:09:30.742226+00,,pi_3Skxo1QwmqNZFaXm1DMYsffW,,249000
66,1,3,pending,,,,,2026-01-02 02:14:52.394827+00,,pi_3SkxtBQwmqNZFaXm0UXCAxek,,249000
67,1,3,pending,,,,,2026-01-02 02:27:00.675874+00,,pi_3Sky4vQwmqNZFaXm1qbYp38w,,249000
68,4,3,pending,,,,,2026-01-02 02:46:15.196473+00,,pi_3SkyNYQwmqNZFaXm13vEg0RM,,174300
69,4,3,pending,,,,,2026-01-02 02:53:51.987857+00,,pi_3SkyUuQwmqNZFaXm0zdCCrV7,,174300
70,4,3,pending,,,,,2026-01-02 02:53:56.305813+00,,pi_3SkyUyQwmqNZFaXm1r14UwN7,,174300
71,4,3,pending,,,,,2026-01-02 02:54:17.880127+00,,pi_3SkyVKQwmqNZFaXm1JXqrfYL,,174300
72,4,3,pending,,,,,2026-01-02 02:54:24.759575+00,,pi_3SkyVRQwmqNZFaXm0rU1l8Tc,,174300
73,4,3,pending,,,,,2026-01-02 02:54:27.449774+00,,pi_3SkyVTQwmqNZFaXm1Qs80bIm,,174300
74,1,3,pending,,,,,2026-01-02 02:56:35.200317+00,,pi_3SkyXYQwmqNZFaXm110zkY2i,,249000
75,1,3,pending,,,,,2026-01-02 03:41:07.972738+00,,pi_3SkzEfQwmqNZFaXm0tFwslpD,,249000
76,1,3,pending,,,,,2026-01-02 03:42:25.868172+00,,pi_3SkzFuQwmqNZFaXm17WPALXn,,249000
77,1,3,success,,,,,2026-01-02 03:42:32.071327+00,2026-01-02 03:43:01.973822+00,pi_3SkzG0QwmqNZFaXm1KCEErj6,pi_3SkzG0QwmqNZFaXm1KCEErj6,249000
78,4,3,pending,,,,,2026-01-03 09:48:56.963027+00,,pi_3SlRSBQwmqNZFaXm0JKXhKEk,,174300
79,1,3,pending,,,,,2026-01-04 15:23:15.464451+00,,pi_3Slt9GQwmqNZFaXm0TtMqsw1,,249000
80,1,12,pending,,,,,2026-01-04 15:31:09.363696+00,,pi_3SltGtQwmqNZFaXm0rHXzxY3,,889000
81,1,12,pending,,,,,2026-01-04 15:31:33.286496+00,,pi_3SltHFQwmqNZFaXm13tD9u3y,,889000
82,1,12,pending,,,,,2026-01-04 15:31:43.377421+00,,pi_3SltHPQwmqNZFaXm0T80XFrt,,889000
83,1,10,pending,,,,,2026-01-04 15:31:47.422229+00,,pi_3SltHTQwmqNZFaXm1HLwF5uO,,599000
84,1,10,pending,,,,,2026-01-04 15:35:44.170078+00,,pi_3SltLJQwmqNZFaXm0OwWjDqU,,599000
85,1,10,pending,,,,,2026-01-04 15:36:00.425841+00,,pi_3SltLYQwmqNZFaXm1CKANhn5,,599000
86,1,10,pending,,,,,2026-01-04 15:36:03.932465+00,,pi_3SltLcQwmqNZFaXm1nXAMv7X,,599000
87,1,12,success,,,,,2026-01-04 15:37:47.273846+00,2026-01-04 15:38:28.494211+00,pi_3SltNJQwmqNZFaXm1bG26pZU,pi_3SltNJQwmqNZFaXm1bG26pZU,889000
88,4,8,success,,,,,2026-01-04 16:15:14.220994+00,2026-01-04 16:15:45.56329+00,pi_3SltxWQwmqNZFaXm1L2OPaXO,pi_3SltxWQwmqNZFaXm1L2OPaXO,299000
89,4,16,success,,,,,2026-01-04 16:22:43.601303+00,2026-01-04 16:23:13.641484+00,pi_3Slu4nQwmqNZFaXm005KuboL,pi_3Slu4nQwmqNZFaXm005KuboL,149000
90,4,14,pending,,,,,2026-01-04 16:33:49.739892+00,,pi_3SluFWQwmqNZFaXm1jobPFou,,209300
91,4,14,success,,,,,2026-01-04 16:34:41.652775+00,2026-01-04 16:35:11.08929+00,pi_3SluGMQwmqNZFaXm0Iw0JcBa,pi_3SluGMQwmqNZFaXm0Iw0JcBa,209300
92,4,9,pending,,,,,2026-01-04 16:36:08.140425+00,,pi_3SluHkQwmqNZFaXm1yX9XfMR,,79000
93,4,6,pending,,,,,2026-01-04 16:36:17.747802+00,,pi_3SluHuQwmqNZFaXm1TbjUXpr,,49000
94,4,16,pending,,,,,2026-01-04 16:36:27.324831+00,,pi_3SluI3QwmqNZFaXm1IcX71qJ,,149000
95,4,14,pending,,,,,2026-01-04 16:36:41.564151+00,,pi_3SluIHQwmqNZFaXm1hNkDTB9,,209300
96,4,8,pending,,,,,2026-01-04 16:36:55.018268+00,,pi_3SluIVQwmqNZFaXm1ROxWsaT,,299000
97,4,4,pending,,,,,2026-01-04 16:37:04.008731+00,,pi_3SluIeQwmqNZFaXm1UgJvgJQ,,124000
98,4,12,pending,,,,,2026-01-04 16:37:16.820413+00,,pi_3SluIrQwmqNZFaXm0dx0pbhR,,622300
99,4,3,pending,,,,,2026-01-04 16:37:32.127504+00,,pi_3SluJ6QwmqNZFaXm1t1J4JDx,,174300
100,5,10,success,,,,,2026-01-10 03:05:31.245561+00,2026-01-10 03:06:03.601576+00,pi_3SnsUcQwmqNZFaXm0wcVKwrH,pi_3SnsUcQwmqNZFaXm0wcVKwrH,599000